<?xml version="1.0"?>
<ArrayOfMobileAccount xmlns:xsi="http://www.w3.org/2001/XMLSchema-instance" xmlns:xsd="http://www.w3.org/2001/XMLSchema">
  <MobileAccount>
    <Name>John</Name>
    <Number>111111</Number>
    <AddressBook>
      <User>
        <Name>Smith</Name>
        <Number>222222</Number>
      </User>
      <User>
        <Name>Pablo</Name>
        <Number>333333</Number>
      </User>
    </AddressBook>
  </MobileAccount>
  <MobileAccount>
    <Name>Smith</Name>
    <Number>222222</Number>
    <AddressBook>
      <User>
        <Name>Jenny</Name>
        <Number>444444</Number>
      </User>
      <User>
        <Name>Pablo</Name>
        <Number>333333</Number>
      </User>
    </AddressBook>
  </MobileAccount>
  <MobileAccount>
    <Name>Pablo</Name>
    <Number>333333</Number>
    <AddressBook>
      <User>
        <Name>John</Name>
        <Number>111111</Number>
      </User>
      <User>
        <Name>Smith</Name>
        <Number>222222</Number>
      </User>
    </AddressBook>
  </MobileAccount>
  <MobileAccount>
    <Name>Jenny</Name>
    <Number>444444</Number>
    <AddressBook>
      <User>
        <Name>Smith</Name>
        <Number>222222</Number>
      </User>
      <User>
        <Name>John</Name>
        <Number>111111</Number>
      </User>
    </AddressBook>
  </MobileAccount>
  <MobileAccount>
    <Name>Billy</Name>
    <Number>555555</Number>
    <AddressBook>
      <User>
        <Name>Smith</Name>
        <Number>222222</Number>
      </User>
      <User>
        <Name>Pablo</Name>
        <Number>333333</Number>
      </User>
      <User>
        <Name>Jenny</Name>
        <Number>444444</Number>
      </User>
    </AddressBook>
  </MobileAccount>
  <MobileAccount>
    <Name>Michael</Name>
    <Number>666666</Number>
    <AddressBook>
      <User>
        <Name>John</Name>
        <Number>111111</Number>
      </User>
      <User>
        <Name>Smith</Name>
        <Number>222222</Number>
      </User>
      <User>
        <Name>Billy</Name>
        <Number>555555</Number>
      </User>
    </AddressBook>
  </MobileAccount>
</ArrayOfMobileAccount>